id,标题(去除了部分前缀和后缀),推荐,ai,修正,全彩,纯爱,单人/男主/扶她/多人,更新日期,来源
1221555,(C106)[NavyBlue(神乐七姫)]ユメの续きを(崩壊スターレイル),0,0,1,0,0,,2025/10/6,j
1214712,[鸦羽] 流萤 永久收容,0,0,-1,1,-1,1,2025/9/14,j
1212508,(C106)[snowflower(みゆら)]醉ったホタルに×××!!_(崩壊スターレイル),1,0,1,0,1,2,2025/9/6,j
1211114,[CHI?ROL] FANBOX合集,1,0,2,1,1,2,2025/9/1,j
1209009,[Resubmission] 流萤 ホタル firefly [AI生成],0,1,3,,,3,2025/8/25,j
1208745,【颜千九】无言的一夜,0,1,3,1,0,2,2025/8/24,j
1206643,(C106) [KUROqueen(MSK12003)] StarRail：School (崩壊スターレイル),0,0,2,1,-1,4,2025/8/18,j
1205976,【颜千九】春日午后,0,1,3,,,3,2025/8/16,j
1203789,[Arlanmi] 2025-07-07 Firefly-170p,0,1,,,0,4,2025/8/9,j
1201936,[Bonz0616] My Girlfriends Never! Let me sleep... (alone) (Honkai: Star Rail),1,0,1,0,0,4,2025/8/2,j
1196783,[N/A] 短篇,0,1,2,,0,4,2025/7/14,j
1194644,[蝦餅] ホタル デートの夜 (崩壊:スターレイル),1,0,0,1,,,2025/7/6,j
1188015,[白楯誤射] 星ホタ 寝取らせ2 (崩壊:スターレイル),0,0,-1,1,0,4,2025/6/18,j
1185380,[白楯誤射] 穹ホタ お尻H (崩壊:スターレイル),0,0,1+2,1,1,2,2025/6/13,j
1164868,[白楯誤射] 穹ホタ バイブ攻め (崩壊：スターレイル),1,0,2,1,1,2,2025/5/19,j
1154533,[白楯誤射] ホタル 足コキ (崩壊:スターレイル),0,0,2,1,,4,2025/5/10,j
1144597,"開拓任務·幕間3 開拓者的性愛日常(C105) [くわい屋 (TRNR)] 開拓クエスト?
幕間 開拓者のセックス日常 後続 (崩壊:スターレイル) ",1,0,2,0,1,2,2025/5/1,j
1137890,[saya_触手酱] 流萤 NTR,0,0,0,1,0,4,2025/4/26,j
1117757,[白楯誤射] ホタルの縦パイズリ (崩壊:スターレイル),1,0,2,1,1,2,2025/3/30,j
1117756,[白楯誤射] 星ホタ 寝取らせ (崩壊:スターレイル),0,0,2,1,,4,2025/3/30,j
1116908,【FeeCHaNN】【崩坏星穹铁道】莹趴约会TIME,0,0,0,0,1,3,2025/4/7,j
1116857,[Shaggy SUSU] ホタル3 (崩壊スターレイル),1,0,2,1,1,2,2025/3/29,j
1100763,[AI Generated] 流萤,0,1,0,1,,1+2,2025/3/24,j
1086688,[hajika] ホタル (崩壊:スターレイル),1,0,2,1,1,2,2025/2/27,j
1075423,[Genstone] 被弱点击破的击破女团【AI】,0,1,0,1,0,4,2025/2/10,j
1073313,[白楯誤射] カフカ星ホタル3P (崩壊:スターレイル),0,0,-1,1,0,4,2025/2/7,j
1073312,[白楯誤射] ショタおねホタル (崩壊:スターレイル),0,0,2,1,0,4,2025/2/7,j
1072214,[Shaggy SUSU] ホタル2 (崩壊スターレイル),1,0,2,1,1,2,2025/2/5,j
1072134,(C105) [紅音色(里美樹)] 淫な泡と甘い夢~温泉編~ (崩壊:スターレイル),1,0,1,1,1,4,2025/2/5,j
1072074,[机翻汉化][白楯誤射] ホタルNTR催眠 (崩壊:スターレイル),0,0,2,1,0,4,2025/2/5,j
1065213,(C105)[ろっさく工房(六作)]運命は開拓者の部屋で(崩壊スターレイル),1,0,1,0,1,2,2025/1/24,j
1059753,(C105)[NavyBlue(神楽七姫)]ホタルは穹と〇〇したい!!(崩壊スターレイル),1,0,1,0,1,2,2025/1/17,j
1053697,(C105)[信虎会(二代目)]こねこのきもち(崩壊スターレイル),1,0,4,0,1,2,2025/1/10,j
1049390,[机翻汉化] [白楯誤射] NTRホタル,0,0,2,1,0,4,2025/1/4,j
1049068,[机翻汉化][白楯誤射] ホタ星 (崩壊:スターレイル),0,0,2,1,,3,2025/1/6,j
1048805,[有栖川琴音] エッチな自撮りを要求したら全部見せてくれたホタルちゃん (崩壊：スターレイル),0,0,2,1,,1,2025/1/2,j
1022942,[AI Generated] 星穹铁道-流萤,0,1,0,1,-1,,2024/11/20,j
1020557,[个人渣翻汉化][genkung] Firefly 崩坏星穹铁道 流萤 NTR,0,0,0,1,0,4,2024/11/15,j
1014435,[个人机翻润色] [ChiHel]星穹铁道 流萤NTR,0,0,0,1,0,4,2024/10/30,j
640249,(C104) [Navy Blue (神楽七姫)] ユメの中で── (崩壊スターレイル),0,0,1,0,0,4,2024/9/20,j
632606,花火的恶作剧(C104) [らんくまっち! (らんくちゃん)] 花火のいたずら (崩壊スターレイル) [DL版],1,0,1,0,0,4,2024/9/7,j
631881,"(C104) [DRAGON PANDA (御奈瀬)] ホタルとセックスしないと出られない
部屋に閉じ込められました (崩壊スターレイル)",1,0,1,0,,3,2024/9/5,j
625229,[白楯誤射] なのか?ホタル?銀狼NTR催眠 (崩壊:スターレイル),0,0,3,1,0,4,2024/8/26,j
618047,(C104)[一貫星(楠木帯)]あたしのすべて(崩壊スターレイル),1,0,1,0,1,2,2024/9/29,j
616271,萤乳：星穹铁道(C104) [有栖川ノ宮 (有栖川琴音)] ホタパイスターレイル (崩壊スターレイル),1,0,1,0,1,2,2024/8/15,j
599071,[あよ] ホタル (崩壊:スターレイル),1,0,2,1,1,2,2024/7/13,j
564103,[RoyBoy] 流螢 偷偷來 (崩壊スターレイル),1,0,0,1,1,2,2024/4/22,j
561647,[萌新画渣]这一次抓紧了流萤！！,1,0,2,1,1,2,2024/4/13,j
1118243,[Jimpu6] Finish Firefly (Honkai： Star Rail),0,0,3,1,0,4,2025/3/31,
587866,[Laomeng] Firefly NO.69（Honkai: Star Rai）,0,0,0,1,-1,2,2024/6/21,
